"Program","Year","Period","Week Ending","Geo Level","State","State ANSI","Ag District","Ag District Code","County","County ANSI","Zip Code","Region","watershed_code","Watershed","Commodity","Data Item","Domain","Domain Category","Value","CV (%)"
"CENSUS","2022","YEAR","","COUNTY","TEXAS","48","BLACKLANDS","40","BELL","027","","","00000000","","AG LAND","AG LAND - ACRES","IRRIGATION STATUS","IRRIGATION STATUS: (ANY ON OPERATION)","5,583","22.9"
"CENSUS","2022","YEAR","","COUNTY","TEXAS","48","BLACKLANDS","40","BOSQUE","035","","","00000000","","AG LAND","AG LAND - ACRES","IRRIGATION STATUS","IRRIGATION STATUS: (ANY ON OPERATION)","37,171","22.9"
"CENSUS","2022","YEAR","","COUNTY","TEXAS","48","BLACKLANDS","40","COLLIN","085","","","00000000","","AG LAND","AG LAND - ACRES","IRRIGATION STATUS","IRRIGATION STATUS: (ANY ON OPERATION)","7,657","22.9"
"CENSUS","2022","YEAR","","COUNTY","TEXAS","48","BLACKLANDS","40","COOKE","097","","","00000000","","AG LAND","AG LAND - ACRES","IRRIGATION STATUS","IRRIGATION STATUS: (ANY ON OPERATION)","35,026","22.9"
"CENSUS","2022","YEAR","","COUNTY","TEXAS","48","BLACKLANDS","40","CORYELL","099","","","00000000","","AG LAND","AG LAND - ACRES","IRRIGATION STATUS","IRRIGATION STATUS: (ANY ON OPERATION)","43,180","22.9"
"CENSUS","2022","YEAR","","COUNTY","TEXAS","48","BLACKLANDS","40","DALLAS","113","","","00000000","","AG LAND","AG LAND - ACRES","IRRIGATION STATUS","IRRIGATION STATUS: (ANY ON OPERATION)","2,888","22.9"
"CENSUS","2022","YEAR","","COUNTY","TEXAS","48","BLACKLANDS","40","DELTA","119","","","00000000","","AG LAND","AG LAND - ACRES","IRRIGATION STATUS","IRRIGATION STATUS: (ANY ON OPERATION)","2,577","22.9"
"CENSUS","2022","YEAR","","COUNTY","TEXAS","48","BLACKLANDS","40","DENTON","121","","","00000000","","AG LAND","AG LAND - ACRES","IRRIGATION STATUS","IRRIGATION STATUS: (ANY ON OPERATION)","4,640","22.9"
"CENSUS","2022","YEAR","","COUNTY","TEXAS","48","BLACKLANDS","40","ELLIS","139","","","00000000","","AG LAND","AG LAND - ACRES","IRRIGATION STATUS","IRRIGATION STATUS: (ANY ON OPERATION)","8,968","22.9"
"CENSUS","2022","YEAR","","COUNTY","TEXAS","48","BLACKLANDS","40","FALLS","145","","","00000000","","AG LAND","AG LAND - ACRES","IRRIGATION STATUS","IRRIGATION STATUS: (ANY ON OPERATION)","23,555","22.9"
"CENSUS","2022","YEAR","","COUNTY","TEXAS","48","BLACKLANDS","40","FANNIN","147","","","00000000","","AG LAND","AG LAND - ACRES","IRRIGATION STATUS","IRRIGATION STATUS: (ANY ON OPERATION)","31,272","22.9"
"CENSUS","2022","YEAR","","COUNTY","TEXAS","48","BLACKLANDS","40","GRAYSON","181","","","00000000","","AG LAND","AG LAND - ACRES","IRRIGATION STATUS","IRRIGATION STATUS: (ANY ON OPERATION)","9,404","22.9"
"CENSUS","2022","YEAR","","COUNTY","TEXAS","48","BLACKLANDS","40","HAMILTON","193","","","00000000","","AG LAND","AG LAND - ACRES","IRRIGATION STATUS","IRRIGATION STATUS: (ANY ON OPERATION)","22,983","22.9"
"CENSUS","2022","YEAR","","COUNTY","TEXAS","48","BLACKLANDS","40","HILL","217","","","00000000","","AG LAND","AG LAND - ACRES","IRRIGATION STATUS","IRRIGATION STATUS: (ANY ON OPERATION)","26,846","22.9"
"CENSUS","2022","YEAR","","COUNTY","TEXAS","48","BLACKLANDS","40","HUNT","231","","","00000000","","AG LAND","AG LAND - ACRES","IRRIGATION STATUS","IRRIGATION STATUS: (ANY ON OPERATION)","23,482","22.9"
"CENSUS","2022","YEAR","","COUNTY","TEXAS","48","BLACKLANDS","40","JOHNSON","251","","","00000000","","AG LAND","AG LAND - ACRES","IRRIGATION STATUS","IRRIGATION STATUS: (ANY ON OPERATION)","4,090","22.9"
"CENSUS","2022","YEAR","","COUNTY","TEXAS","48","BLACKLANDS","40","KAUFMAN","257","","","00000000","","AG LAND","AG LAND - ACRES","IRRIGATION STATUS","IRRIGATION STATUS: (ANY ON OPERATION)","2,853","22.9"
"CENSUS","2022","YEAR","","COUNTY","TEXAS","48","BLACKLANDS","40","LAMAR","277","","","00000000","","AG LAND","AG LAND - ACRES","IRRIGATION STATUS","IRRIGATION STATUS: (ANY ON OPERATION)","66,093","22.9"
"CENSUS","2022","YEAR","","COUNTY","TEXAS","48","BLACKLANDS","40","LIMESTONE","293","","","00000000","","AG LAND","AG LAND - ACRES","IRRIGATION STATUS","IRRIGATION STATUS: (ANY ON OPERATION)","14,743","22.9"
"CENSUS","2022","YEAR","","COUNTY","TEXAS","48","BLACKLANDS","40","MCLENNAN","309","","","00000000","","AG LAND","AG LAND - ACRES","IRRIGATION STATUS","IRRIGATION STATUS: (ANY ON OPERATION)","16,893","22.9"
"CENSUS","2022","YEAR","","COUNTY","TEXAS","48","BLACKLANDS","40","MILAM","331","","","00000000","","AG LAND","AG LAND - ACRES","IRRIGATION STATUS","IRRIGATION STATUS: (ANY ON OPERATION)","67,634","22.9"
"CENSUS","2022","YEAR","","COUNTY","TEXAS","48","BLACKLANDS","40","NAVARRO","349","","","00000000","","AG LAND","AG LAND - ACRES","IRRIGATION STATUS","IRRIGATION STATUS: (ANY ON OPERATION)","4,208","22.9"
"CENSUS","2022","YEAR","","COUNTY","TEXAS","48","BLACKLANDS","40","ROCKWALL","397","","","00000000","","AG LAND","AG LAND - ACRES","IRRIGATION STATUS","IRRIGATION STATUS: (ANY ON OPERATION)","371","22.9"
"CENSUS","2022","YEAR","","COUNTY","TEXAS","48","BLACKLANDS","40","TARRANT","439","","","00000000","","AG LAND","AG LAND - ACRES","IRRIGATION STATUS","IRRIGATION STATUS: (ANY ON OPERATION)","1,041","22.9"
"CENSUS","2022","YEAR","","COUNTY","TEXAS","48","BLACKLANDS","40","WILLIAMSON","491","","","00000000","","AG LAND","AG LAND - ACRES","IRRIGATION STATUS","IRRIGATION STATUS: (ANY ON OPERATION)","3,766","22.9"
"CENSUS","2022","YEAR","","COUNTY","TEXAS","48","COASTAL BEND","82","ARANSAS","007","","","00000000","","AG LAND","AG LAND - ACRES","IRRIGATION STATUS","IRRIGATION STATUS: (ANY ON OPERATION)","63","22.9"
"CENSUS","2022","YEAR","","COUNTY","TEXAS","48","COASTAL BEND","82","KLEBERG","273","","","00000000","","AG LAND","AG LAND - ACRES","IRRIGATION STATUS","IRRIGATION STATUS: (ANY ON OPERATION)","325","22.9"
"CENSUS","2022","YEAR","","COUNTY","TEXAS","48","COASTAL BEND","82","NUECES","355","","","00000000","","AG LAND","AG LAND - ACRES","IRRIGATION STATUS","IRRIGATION STATUS: (ANY ON OPERATION)","8,197","22.9"
"CENSUS","2022","YEAR","","COUNTY","TEXAS","48","COASTAL BEND","82","REFUGIO","391","","","00000000","","AG LAND","AG LAND - ACRES","IRRIGATION STATUS","IRRIGATION STATUS: (ANY ON OPERATION)"," (D)","(D)"
"CENSUS","2022","YEAR","","COUNTY","TEXAS","48","COASTAL BEND","82","SAN PATRICIO","409","","","00000000","","AG LAND","AG LAND - ACRES","IRRIGATION STATUS","IRRIGATION STATUS: (ANY ON OPERATION)","30,834","22.9"
"CENSUS","2022","YEAR","","COUNTY","TEXAS","48","CROSS TIMBERS","30","ARCHER","009","","","00000000","","AG LAND","AG LAND - ACRES","IRRIGATION STATUS","IRRIGATION STATUS: (ANY ON OPERATION)","46,951","22.9"
"CENSUS","2022","YEAR","","COUNTY","TEXAS","48","CROSS TIMBERS","30","BROWN","049","","","00000000","","AG LAND","AG LAND - ACRES","IRRIGATION STATUS","IRRIGATION STATUS: (ANY ON OPERATION)","30,400","22.9"
"CENSUS","2022","YEAR","","COUNTY","TEXAS","48","CROSS TIMBERS","30","CALLAHAN","059","","","00000000","","AG LAND","AG LAND - ACRES","IRRIGATION STATUS","IRRIGATION STATUS: (ANY ON OPERATION)","2,340","22.9"
"CENSUS","2022","YEAR","","COUNTY","TEXAS","48","CROSS TIMBERS","30","CLAY","077","","","00000000","","AG LAND","AG LAND - ACRES","IRRIGATION STATUS","IRRIGATION STATUS: (ANY ON OPERATION)","11,426","22.9"
"CENSUS","2022","YEAR","","COUNTY","TEXAS","48","CROSS TIMBERS","30","COMANCHE","093","","","00000000","","AG LAND","AG LAND - ACRES","IRRIGATION STATUS","IRRIGATION STATUS: (ANY ON OPERATION)","171,679","22.9"
"CENSUS","2022","YEAR","","COUNTY","TEXAS","48","CROSS TIMBERS","30","EASTLAND","133","","","00000000","","AG LAND","AG LAND - ACRES","IRRIGATION STATUS","IRRIGATION STATUS: (ANY ON OPERATION)","52,423","22.9"
"CENSUS","2022","YEAR","","COUNTY","TEXAS","48","CROSS TIMBERS","30","ERATH","143","","","00000000","","AG LAND","AG LAND - ACRES","IRRIGATION STATUS","IRRIGATION STATUS: (ANY ON OPERATION)","190,725","22.9"
"CENSUS","2022","YEAR","","COUNTY","TEXAS","48","CROSS TIMBERS","30","HOOD","221","","","00000000","","AG LAND","AG LAND - ACRES","IRRIGATION STATUS","IRRIGATION STATUS: (ANY ON OPERATION)","14,790","22.9"
"CENSUS","2022","YEAR","","COUNTY","TEXAS","48","CROSS TIMBERS","30","JACK","237","","","00000000","","AG LAND","AG LAND - ACRES","IRRIGATION STATUS","IRRIGATION STATUS: (ANY ON OPERATION)","1,051","22.9"
"CENSUS","2022","YEAR","","COUNTY","TEXAS","48","CROSS TIMBERS","30","MILLS","333","","","00000000","","AG LAND","AG LAND - ACRES","IRRIGATION STATUS","IRRIGATION STATUS: (ANY ON OPERATION)","11,098","22.9"
"CENSUS","2022","YEAR","","COUNTY","TEXAS","48","CROSS TIMBERS","30","MONTAGUE","337","","","00000000","","AG LAND","AG LAND - ACRES","IRRIGATION STATUS","IRRIGATION STATUS: (ANY ON OPERATION)","22,111","22.9"
"CENSUS","2022","YEAR","","COUNTY","TEXAS","48","CROSS TIMBERS","30","PALO PINTO","363","","","00000000","","AG LAND","AG LAND - ACRES","IRRIGATION STATUS","IRRIGATION STATUS: (ANY ON OPERATION)","89,493","22.9"
"CENSUS","2022","YEAR","","COUNTY","TEXAS","48","CROSS TIMBERS","30","PARKER","367","","","00000000","","AG LAND","AG LAND - ACRES","IRRIGATION STATUS","IRRIGATION STATUS: (ANY ON OPERATION)","36,261","22.9"
"CENSUS","2022","YEAR","","COUNTY","TEXAS","48","CROSS TIMBERS","30","SHACKELFORD","417","","","00000000","","AG LAND","AG LAND - ACRES","IRRIGATION STATUS","IRRIGATION STATUS: (ANY ON OPERATION)"," (D)","(D)"
"CENSUS","2022","YEAR","","COUNTY","TEXAS","48","CROSS TIMBERS","30","SOMERVELL","425","","","00000000","","AG LAND","AG LAND - ACRES","IRRIGATION STATUS","IRRIGATION STATUS: (ANY ON OPERATION)","34,497","22.9"
"CENSUS","2022","YEAR","","COUNTY","TEXAS","48","CROSS TIMBERS","30","STEPHENS","429","","","00000000","","AG LAND","AG LAND - ACRES","IRRIGATION STATUS","IRRIGATION STATUS: (ANY ON OPERATION)"," (D)","(D)"
"CENSUS","2022","YEAR","","COUNTY","TEXAS","48","CROSS TIMBERS","30","THROCKMORTON","447","","","00000000","","AG LAND","AG LAND - ACRES","IRRIGATION STATUS","IRRIGATION STATUS: (ANY ON OPERATION)"," (D)","(D)"
"CENSUS","2022","YEAR","","COUNTY","TEXAS","48","CROSS TIMBERS","30","WISE","497","","","00000000","","AG LAND","AG LAND - ACRES","IRRIGATION STATUS","IRRIGATION STATUS: (ANY ON OPERATION)","17,852","22.9"
"CENSUS","2022","YEAR","","COUNTY","TEXAS","48","CROSS TIMBERS","30","YOUNG","503","","","00000000","","AG LAND","AG LAND - ACRES","IRRIGATION STATUS","IRRIGATION STATUS: (ANY ON OPERATION)","816","22.9"
"CENSUS","2022","YEAR","","COUNTY","TEXAS","48","EAST TEXAS NORTH","51","ANDERSON","001","","","00000000","","AG LAND","AG LAND - ACRES","IRRIGATION STATUS","IRRIGATION STATUS: (ANY ON OPERATION)","32,469","22.9"
"CENSUS","2022","YEAR","","COUNTY","TEXAS","48","EAST TEXAS NORTH","51","BOWIE","037","","","00000000","","AG LAND","AG LAND - ACRES","IRRIGATION STATUS","IRRIGATION STATUS: (ANY ON OPERATION)","22,531","22.9"
"CENSUS","2022","YEAR","","COUNTY","TEXAS","48","EAST TEXAS NORTH","51","CAMP","063","","","00000000","","AG LAND","AG LAND - ACRES","IRRIGATION STATUS","IRRIGATION STATUS: (ANY ON OPERATION)","9,091","22.9"
"CENSUS","2022","YEAR","","COUNTY","TEXAS","48","EAST TEXAS NORTH","51","CASS","067","","","00000000","","AG LAND","AG LAND - ACRES","IRRIGATION STATUS","IRRIGATION STATUS: (ANY ON OPERATION)","2,188","22.9"
"CENSUS","2022","YEAR","","COUNTY","TEXAS","48","EAST TEXAS NORTH","51","CHEROKEE","073","","","00000000","","AG LAND","AG LAND - ACRES","IRRIGATION STATUS","IRRIGATION STATUS: (ANY ON OPERATION)","8,421","22.9"
"CENSUS","2022","YEAR","","COUNTY","TEXAS","48","EAST TEXAS NORTH","51","FRANKLIN","159","","","00000000","","AG LAND","AG LAND - ACRES","IRRIGATION STATUS","IRRIGATION STATUS: (ANY ON OPERATION)","4,168","22.9"
"CENSUS","2022","YEAR","","COUNTY","TEXAS","48","EAST TEXAS NORTH","51","GREGG","183","","","00000000","","AG LAND","AG LAND - ACRES","IRRIGATION STATUS","IRRIGATION STATUS: (ANY ON OPERATION)","625","22.9"
"CENSUS","2022","YEAR","","COUNTY","TEXAS","48","EAST TEXAS NORTH","51","HARRISON","203","","","00000000","","AG LAND","AG LAND - ACRES","IRRIGATION STATUS","IRRIGATION STATUS: (ANY ON OPERATION)","5,712","22.9"
"CENSUS","2022","YEAR","","COUNTY","TEXAS","48","EAST TEXAS NORTH","51","HENDERSON","213","","","00000000","","AG LAND","AG LAND - ACRES","IRRIGATION STATUS","IRRIGATION STATUS: (ANY ON OPERATION)","7,522","22.9"
"CENSUS","2022","YEAR","","COUNTY","TEXAS","48","EAST TEXAS NORTH","51","HOPKINS","223","","","00000000","","AG LAND","AG LAND - ACRES","IRRIGATION STATUS","IRRIGATION STATUS: (ANY ON OPERATION)","12,668","22.9"
"CENSUS","2022","YEAR","","COUNTY","TEXAS","48","EAST TEXAS NORTH","51","HOUSTON","225","","","00000000","","AG LAND","AG LAND - ACRES","IRRIGATION STATUS","IRRIGATION STATUS: (ANY ON OPERATION)","25,251","22.9"
"CENSUS","2022","YEAR","","COUNTY","TEXAS","48","EAST TEXAS NORTH","51","MARION","315","","","00000000","","AG LAND","AG LAND - ACRES","IRRIGATION STATUS","IRRIGATION STATUS: (ANY ON OPERATION)","3,196","22.9"
"CENSUS","2022","YEAR","","COUNTY","TEXAS","48","EAST TEXAS NORTH","51","MORRIS","343","","","00000000","","AG LAND","AG LAND - ACRES","IRRIGATION STATUS","IRRIGATION STATUS: (ANY ON OPERATION)","320","22.9"
"CENSUS","2022","YEAR","","COUNTY","TEXAS","48","EAST TEXAS NORTH","51","NACOGDOCHES","347","","","00000000","","AG LAND","AG LAND - ACRES","IRRIGATION STATUS","IRRIGATION STATUS: (ANY ON OPERATION)","6,778","22.9"
"CENSUS","2022","YEAR","","COUNTY","TEXAS","48","EAST TEXAS NORTH","51","PANOLA","365","","","00000000","","AG LAND","AG LAND - ACRES","IRRIGATION STATUS","IRRIGATION STATUS: (ANY ON OPERATION)","10,789","22.9"
"CENSUS","2022","YEAR","","COUNTY","TEXAS","48","EAST TEXAS NORTH","51","RAINS","379","","","00000000","","AG LAND","AG LAND - ACRES","IRRIGATION STATUS","IRRIGATION STATUS: (ANY ON OPERATION)","6,613","22.9"
"CENSUS","2022","YEAR","","COUNTY","TEXAS","48","EAST TEXAS NORTH","51","RED RIVER","387","","","00000000","","AG LAND","AG LAND - ACRES","IRRIGATION STATUS","IRRIGATION STATUS: (ANY ON OPERATION)","47,066","22.9"
"CENSUS","2022","YEAR","","COUNTY","TEXAS","48","EAST TEXAS NORTH","51","RUSK","401","","","00000000","","AG LAND","AG LAND - ACRES","IRRIGATION STATUS","IRRIGATION STATUS: (ANY ON OPERATION)","8,637","22.9"
"CENSUS","2022","YEAR","","COUNTY","TEXAS","48","EAST TEXAS NORTH","51","SHELBY","419","","","00000000","","AG LAND","AG LAND - ACRES","IRRIGATION STATUS","IRRIGATION STATUS: (ANY ON OPERATION)","3,282","22.9"
"CENSUS","2022","YEAR","","COUNTY","TEXAS","48","EAST TEXAS NORTH","51","SMITH","423","","","00000000","","AG LAND","AG LAND - ACRES","IRRIGATION STATUS","IRRIGATION STATUS: (ANY ON OPERATION)","27,327","22.9"
"CENSUS","2022","YEAR","","COUNTY","TEXAS","48","EAST TEXAS NORTH","51","TITUS","449","","","00000000","","AG LAND","AG LAND - ACRES","IRRIGATION STATUS","IRRIGATION STATUS: (ANY ON OPERATION)","3,940","22.9"
"CENSUS","2022","YEAR","","COUNTY","TEXAS","48","EAST TEXAS NORTH","51","UPSHUR","459","","","00000000","","AG LAND","AG LAND - ACRES","IRRIGATION STATUS","IRRIGATION STATUS: (ANY ON OPERATION)","1,452","22.9"
"CENSUS","2022","YEAR","","COUNTY","TEXAS","48","EAST TEXAS NORTH","51","VAN ZANDT","467","","","00000000","","AG LAND","AG LAND - ACRES","IRRIGATION STATUS","IRRIGATION STATUS: (ANY ON OPERATION)","14,597","22.9"
"CENSUS","2022","YEAR","","COUNTY","TEXAS","48","EAST TEXAS NORTH","51","WOOD","499","","","00000000","","AG LAND","AG LAND - ACRES","IRRIGATION STATUS","IRRIGATION STATUS: (ANY ON OPERATION)","31,941","22.9"
"CENSUS","2022","YEAR","","COUNTY","TEXAS","48","EAST TEXAS SOUTH","52","ANGELINA","005","","","00000000","","AG LAND","AG LAND - ACRES","IRRIGATION STATUS","IRRIGATION STATUS: (ANY ON OPERATION)","1,722","22.9"
"CENSUS","2022","YEAR","","COUNTY","TEXAS","48","EAST TEXAS SOUTH","52","BRAZOS","041","","","00000000","","AG LAND","AG LAND - ACRES","IRRIGATION STATUS","IRRIGATION STATUS: (ANY ON OPERATION)","13,232","22.9"
"CENSUS","2022","YEAR","","COUNTY","TEXAS","48","EAST TEXAS SOUTH","52","FREESTONE","161","","","00000000","","AG LAND","AG LAND - ACRES","IRRIGATION STATUS","IRRIGATION STATUS: (ANY ON OPERATION)","5,101","22.9"
"CENSUS","2022","YEAR","","COUNTY","TEXAS","48","EAST TEXAS SOUTH","52","GRIMES","185","","","00000000","","AG LAND","AG LAND - ACRES","IRRIGATION STATUS","IRRIGATION STATUS: (ANY ON OPERATION)","43,104","22.9"
"CENSUS","2022","YEAR","","COUNTY","TEXAS","48","EAST TEXAS SOUTH","52","HARDIN","199","","","00000000","","AG LAND","AG LAND - ACRES","IRRIGATION STATUS","IRRIGATION STATUS: (ANY ON OPERATION)","2,888","22.9"
"CENSUS","2022","YEAR","","COUNTY","TEXAS","48","EAST TEXAS SOUTH","52","JASPER","241","","","00000000","","AG LAND","AG LAND - ACRES","IRRIGATION STATUS","IRRIGATION STATUS: (ANY ON OPERATION)","1,770","22.9"
"CENSUS","2022","YEAR","","COUNTY","TEXAS","48","EAST TEXAS SOUTH","52","LEON","289","","","00000000","","AG LAND","AG LAND - ACRES","IRRIGATION STATUS","IRRIGATION STATUS: (ANY ON OPERATION)","8,507","22.9"
"CENSUS","2022","YEAR","","COUNTY","TEXAS","48","EAST TEXAS SOUTH","52","MADISON","313","","","00000000","","AG LAND","AG LAND - ACRES","IRRIGATION STATUS","IRRIGATION STATUS: (ANY ON OPERATION)","19,957","22.9"
"CENSUS","2022","YEAR","","COUNTY","TEXAS","48","EAST TEXAS SOUTH","52","MONTGOMERY","339","","","00000000","","AG LAND","AG LAND - ACRES","IRRIGATION STATUS","IRRIGATION STATUS: (ANY ON OPERATION)","11,987","22.9"
"CENSUS","2022","YEAR","","COUNTY","TEXAS","48","EAST TEXAS SOUTH","52","NEWTON","351","","","00000000","","AG LAND","AG LAND - ACRES","IRRIGATION STATUS","IRRIGATION STATUS: (ANY ON OPERATION)","425","22.9"
"CENSUS","2022","YEAR","","COUNTY","TEXAS","48","EAST TEXAS SOUTH","52","POLK","373","","","00000000","","AG LAND","AG LAND - ACRES","IRRIGATION STATUS","IRRIGATION STATUS: (ANY ON OPERATION)","1,299","22.9"
"CENSUS","2022","YEAR","","COUNTY","TEXAS","48","EAST TEXAS SOUTH","52","ROBERTSON","395","","","00000000","","AG LAND","AG LAND - ACRES","IRRIGATION STATUS","IRRIGATION STATUS: (ANY ON OPERATION)","75,594","22.9"
"CENSUS","2022","YEAR","","COUNTY","TEXAS","48","EAST TEXAS SOUTH","52","SABINE","403","","","00000000","","AG LAND","AG LAND - ACRES","IRRIGATION STATUS","IRRIGATION STATUS: (ANY ON OPERATION)","272","22.9"
"CENSUS","2022","YEAR","","COUNTY","TEXAS","48","EAST TEXAS SOUTH","52","SAN AUGUSTINE","405","","","00000000","","AG LAND","AG LAND - ACRES","IRRIGATION STATUS","IRRIGATION STATUS: (ANY ON OPERATION)"," (D)","(D)"
"CENSUS","2022","YEAR","","COUNTY","TEXAS","48","EAST TEXAS SOUTH","52","SAN JACINTO","407","","","00000000","","AG LAND","AG LAND - ACRES","IRRIGATION STATUS","IRRIGATION STATUS: (ANY ON OPERATION)","846","22.9"
"CENSUS","2022","YEAR","","COUNTY","TEXAS","48","EAST TEXAS SOUTH","52","TRINITY","455","","","00000000","","AG LAND","AG LAND - ACRES","IRRIGATION STATUS","IRRIGATION STATUS: (ANY ON OPERATION)","189","22.9"
"CENSUS","2022","YEAR","","COUNTY","TEXAS","48","EAST TEXAS SOUTH","52","TYLER","457","","","00000000","","AG LAND","AG LAND - ACRES","IRRIGATION STATUS","IRRIGATION STATUS: (ANY ON OPERATION)","1,928","22.9"
"CENSUS","2022","YEAR","","COUNTY","TEXAS","48","EAST TEXAS SOUTH","52","WALKER","471","","","00000000","","AG LAND","AG LAND - ACRES","IRRIGATION STATUS","IRRIGATION STATUS: (ANY ON OPERATION)","3,291","22.9"
"CENSUS","2022","YEAR","","COUNTY","TEXAS","48","EAST TEXAS SOUTH","52","WALLER","473","","","00000000","","AG LAND","AG LAND - ACRES","IRRIGATION STATUS","IRRIGATION STATUS: (ANY ON OPERATION)","26,994","22.9"
"CENSUS","2022","YEAR","","COUNTY","TEXAS","48","EDWARDS PLATEAU","70","BANDERA","019","","","00000000","","AG LAND","AG LAND - ACRES","IRRIGATION STATUS","IRRIGATION STATUS: (ANY ON OPERATION)","10,060","22.9"
"CENSUS","2022","YEAR","","COUNTY","TEXAS","48","EDWARDS PLATEAU","70","BLANCO","031","","","00000000","","AG LAND","AG LAND - ACRES","IRRIGATION STATUS","IRRIGATION STATUS: (ANY ON OPERATION)","5,607","22.9"
"CENSUS","2022","YEAR","","COUNTY","TEXAS","48","EDWARDS PLATEAU","70","BURNET","053","","","00000000","","AG LAND","AG LAND - ACRES","IRRIGATION STATUS","IRRIGATION STATUS: (ANY ON OPERATION)","6,126","22.9"
"CENSUS","2022","YEAR","","COUNTY","TEXAS","48","EDWARDS PLATEAU","70","COKE","081","","","00000000","","AG LAND","AG LAND - ACRES","IRRIGATION STATUS","IRRIGATION STATUS: (ANY ON OPERATION)","7,001","22.9"
"CENSUS","2022","YEAR","","COUNTY","TEXAS","48","EDWARDS PLATEAU","70","CONCHO","095","","","00000000","","AG LAND","AG LAND - ACRES","IRRIGATION STATUS","IRRIGATION STATUS: (ANY ON OPERATION)","88,027","22.9"
"CENSUS","2022","YEAR","","COUNTY","TEXAS","48","EDWARDS PLATEAU","70","CROCKETT","105","","","00000000","","AG LAND","AG LAND - ACRES","IRRIGATION STATUS","IRRIGATION STATUS: (ANY ON OPERATION)","29,929","22.9"
"CENSUS","2022","YEAR","","COUNTY","TEXAS","48","EDWARDS PLATEAU","70","EDWARDS","137","","","00000000","","AG LAND","AG LAND - ACRES","IRRIGATION STATUS","IRRIGATION STATUS: (ANY ON OPERATION)","215,704","22.9"
"CENSUS","2022","YEAR","","COUNTY","TEXAS","48","EDWARDS PLATEAU","70","GILLESPIE","171","","","00000000","","AG LAND","AG LAND - ACRES","IRRIGATION STATUS","IRRIGATION STATUS: (ANY ON OPERATION)","38,531","22.9"
"CENSUS","2022","YEAR","","COUNTY","TEXAS","48","EDWARDS PLATEAU","70","IRION","235","","","00000000","","AG LAND","AG LAND - ACRES","IRRIGATION STATUS","IRRIGATION STATUS: (ANY ON OPERATION)","191,746","22.9"
"CENSUS","2022","YEAR","","COUNTY","TEXAS","48","EDWARDS PLATEAU","70","KENDALL","259","","","00000000","","AG LAND","AG LAND - ACRES","IRRIGATION STATUS","IRRIGATION STATUS: (ANY ON OPERATION)","6,877","22.9"
"CENSUS","2022","YEAR","","COUNTY","TEXAS","48","EDWARDS PLATEAU","70","KERR","265","","","00000000","","AG LAND","AG LAND - ACRES","IRRIGATION STATUS","IRRIGATION STATUS: (ANY ON OPERATION)","12,941","22.9"
"CENSUS","2022","YEAR","","COUNTY","TEXAS","48","EDWARDS PLATEAU","70","KIMBLE","267","","","00000000","","AG LAND","AG LAND - ACRES","IRRIGATION STATUS","IRRIGATION STATUS: (ANY ON OPERATION)","74,525","22.9"
"CENSUS","2022","YEAR","","COUNTY","TEXAS","48","EDWARDS PLATEAU","70","KINNEY","271","","","00000000","","AG LAND","AG LAND - ACRES","IRRIGATION STATUS","IRRIGATION STATUS: (ANY ON OPERATION)","119,848","22.9"
"CENSUS","2022","YEAR","","COUNTY","TEXAS","48","EDWARDS PLATEAU","70","LAMPASAS","281","","","00000000","","AG LAND","AG LAND - ACRES","IRRIGATION STATUS","IRRIGATION STATUS: (ANY ON OPERATION)","73,775","22.9"
"CENSUS","2022","YEAR","","COUNTY","TEXAS","48","EDWARDS PLATEAU","70","LLANO","299","","","00000000","","AG LAND","AG LAND - ACRES","IRRIGATION STATUS","IRRIGATION STATUS: (ANY ON OPERATION)","76,616","22.9"
"CENSUS","2022","YEAR","","COUNTY","TEXAS","48","EDWARDS PLATEAU","70","MASON","319","","","00000000","","AG LAND","AG LAND - ACRES","IRRIGATION STATUS","IRRIGATION STATUS: (ANY ON OPERATION)","88,498","22.9"
"CENSUS","2022","YEAR","","COUNTY","TEXAS","48","EDWARDS PLATEAU","70","MCCULLOCH","307","","","00000000","","AG LAND","AG LAND - ACRES","IRRIGATION STATUS","IRRIGATION STATUS: (ANY ON OPERATION)","95,236","22.9"
"CENSUS","2022","YEAR","","COUNTY","TEXAS","48","EDWARDS PLATEAU","70","MENARD","327","","","00000000","","AG LAND","AG LAND - ACRES","IRRIGATION STATUS","IRRIGATION STATUS: (ANY ON OPERATION)","74,767","22.9"
"CENSUS","2022","YEAR","","COUNTY","TEXAS","48","EDWARDS PLATEAU","70","REAGAN","383","","","00000000","","AG LAND","AG LAND - ACRES","IRRIGATION STATUS","IRRIGATION STATUS: (ANY ON OPERATION)","245,581","22.9"
"CENSUS","2022","YEAR","","COUNTY","TEXAS","48","EDWARDS PLATEAU","70","REAL","385","","","00000000","","AG LAND","AG LAND - ACRES","IRRIGATION STATUS","IRRIGATION STATUS: (ANY ON OPERATION)","5,968","22.9"
"CENSUS","2022","YEAR","","COUNTY","TEXAS","48","EDWARDS PLATEAU","70","SAN SABA","411","","","00000000","","AG LAND","AG LAND - ACRES","IRRIGATION STATUS","IRRIGATION STATUS: (ANY ON OPERATION)","95,542","22.9"
"CENSUS","2022","YEAR","","COUNTY","TEXAS","48","EDWARDS PLATEAU","70","SCHLEICHER","413","","","00000000","","AG LAND","AG LAND - ACRES","IRRIGATION STATUS","IRRIGATION STATUS: (ANY ON OPERATION)","296,940","22.9"
"CENSUS","2022","YEAR","","COUNTY","TEXAS","48","EDWARDS PLATEAU","70","STERLING","431","","","00000000","","AG LAND","AG LAND - ACRES","IRRIGATION STATUS","IRRIGATION STATUS: (ANY ON OPERATION)","177,808","22.9"
"CENSUS","2022","YEAR","","COUNTY","TEXAS","48","EDWARDS PLATEAU","70","SUTTON","435","","","00000000","","AG LAND","AG LAND - ACRES","IRRIGATION STATUS","IRRIGATION STATUS: (ANY ON OPERATION)","61,572","22.9"
"CENSUS","2022","YEAR","","COUNTY","TEXAS","48","EDWARDS PLATEAU","70","TOM GREEN","451","","","00000000","","AG LAND","AG LAND - ACRES","IRRIGATION STATUS","IRRIGATION STATUS: (ANY ON OPERATION)","254,981","22.9"
"CENSUS","2022","YEAR","","COUNTY","TEXAS","48","EDWARDS PLATEAU","70","UPTON","461","","","00000000","","AG LAND","AG LAND - ACRES","IRRIGATION STATUS","IRRIGATION STATUS: (ANY ON OPERATION)","40,112","22.9"
"CENSUS","2022","YEAR","","COUNTY","TEXAS","48","EDWARDS PLATEAU","70","UVALDE","463","","","00000000","","AG LAND","AG LAND - ACRES","IRRIGATION STATUS","IRRIGATION STATUS: (ANY ON OPERATION)","219,798","22.9"
"CENSUS","2022","YEAR","","COUNTY","TEXAS","48","EDWARDS PLATEAU","70","VAL VERDE","465","","","00000000","","AG LAND","AG LAND - ACRES","IRRIGATION STATUS","IRRIGATION STATUS: (ANY ON OPERATION)","59,083","22.9"
"CENSUS","2022","YEAR","","COUNTY","TEXAS","48","LOWER VALLEY","97","CAMERON","061","","","00000000","","AG LAND","AG LAND - ACRES","IRRIGATION STATUS","IRRIGATION STATUS: (ANY ON OPERATION)","129,470","22.9"
"CENSUS","2022","YEAR","","COUNTY","TEXAS","48","LOWER VALLEY","97","HIDALGO","215","","","00000000","","AG LAND","AG LAND - ACRES","IRRIGATION STATUS","IRRIGATION STATUS: (ANY ON OPERATION)","243,109","22.9"
"CENSUS","2022","YEAR","","COUNTY","TEXAS","48","LOWER VALLEY","97","STARR","427","","","00000000","","AG LAND","AG LAND - ACRES","IRRIGATION STATUS","IRRIGATION STATUS: (ANY ON OPERATION)","62,946","22.9"
"CENSUS","2022","YEAR","","COUNTY","TEXAS","48","LOWER VALLEY","97","WILLACY","489","","","00000000","","AG LAND","AG LAND - ACRES","IRRIGATION STATUS","IRRIGATION STATUS: (ANY ON OPERATION)","101,643","22.9"
"CENSUS","2022","YEAR","","COUNTY","TEXAS","48","NORTHERN HIGH PLAINS","11","ARMSTRONG","011","","","00000000","","AG LAND","AG LAND - ACRES","IRRIGATION STATUS","IRRIGATION STATUS: (ANY ON OPERATION)","91,408","22.9"
"CENSUS","2022","YEAR","","COUNTY","TEXAS","48","NORTHERN HIGH PLAINS","11","BRISCOE","045","","","00000000","","AG LAND","AG LAND - ACRES","IRRIGATION STATUS","IRRIGATION STATUS: (ANY ON OPERATION)","141,360","22.9"
"CENSUS","2022","YEAR","","COUNTY","TEXAS","48","NORTHERN HIGH PLAINS","11","CARSON","065","","","00000000","","AG LAND","AG LAND - ACRES","IRRIGATION STATUS","IRRIGATION STATUS: (ANY ON OPERATION)","263,843","22.9"
"CENSUS","2022","YEAR","","COUNTY","TEXAS","48","NORTHERN HIGH PLAINS","11","CASTRO","069","","","00000000","","AG LAND","AG LAND - ACRES","IRRIGATION STATUS","IRRIGATION STATUS: (ANY ON OPERATION)","297,002","22.9"
"CENSUS","2022","YEAR","","COUNTY","TEXAS","48","NORTHERN HIGH PLAINS","11","DALLAM","111","","","00000000","","AG LAND","AG LAND - ACRES","IRRIGATION STATUS","IRRIGATION STATUS: (ANY ON OPERATION)","560,549","22.9"
"CENSUS","2022","YEAR","","COUNTY","TEXAS","48","NORTHERN HIGH PLAINS","11","DEAF SMITH","117","","","00000000","","AG LAND","AG LAND - ACRES","IRRIGATION STATUS","IRRIGATION STATUS: (ANY ON OPERATION)","478,048","22.9"
"CENSUS","2022","YEAR","","COUNTY","TEXAS","48","NORTHERN HIGH PLAINS","11","FLOYD","153","","","00000000","","AG LAND","AG LAND - ACRES","IRRIGATION STATUS","IRRIGATION STATUS: (ANY ON OPERATION)","272,163","22.9"
"CENSUS","2022","YEAR","","COUNTY","TEXAS","48","NORTHERN HIGH PLAINS","11","GRAY","179","","","00000000","","AG LAND","AG LAND - ACRES","IRRIGATION STATUS","IRRIGATION STATUS: (ANY ON OPERATION)","116,938","22.9"
"CENSUS","2022","YEAR","","COUNTY","TEXAS","48","NORTHERN HIGH PLAINS","11","HALE","189","","","00000000","","AG LAND","AG LAND - ACRES","IRRIGATION STATUS","IRRIGATION STATUS: (ANY ON OPERATION)","340,676","22.9"
"CENSUS","2022","YEAR","","COUNTY","TEXAS","48","NORTHERN HIGH PLAINS","11","HANSFORD","195","","","00000000","","AG LAND","AG LAND - ACRES","IRRIGATION STATUS","IRRIGATION STATUS: (ANY ON OPERATION)","375,001","22.9"
"CENSUS","2022","YEAR","","COUNTY","TEXAS","48","NORTHERN HIGH PLAINS","11","HARTLEY","205","","","00000000","","AG LAND","AG LAND - ACRES","IRRIGATION STATUS","IRRIGATION STATUS: (ANY ON OPERATION)","379,700","22.9"
"CENSUS","2022","YEAR","","COUNTY","TEXAS","48","NORTHERN HIGH PLAINS","11","HEMPHILL","211","","","00000000","","AG LAND","AG LAND - ACRES","IRRIGATION STATUS","IRRIGATION STATUS: (ANY ON OPERATION)","87,265","22.9"
"CENSUS","2022","YEAR","","COUNTY","TEXAS","48","NORTHERN HIGH PLAINS","11","HUTCHINSON","233","","","00000000","","AG LAND","AG LAND - ACRES","IRRIGATION STATUS","IRRIGATION STATUS: (ANY ON OPERATION)","345,752","22.9"
"CENSUS","2022","YEAR","","COUNTY","TEXAS","48","NORTHERN HIGH PLAINS","11","LIPSCOMB","295","","","00000000","","AG LAND","AG LAND - ACRES","IRRIGATION STATUS","IRRIGATION STATUS: (ANY ON OPERATION)","167,306","22.9"
"CENSUS","2022","YEAR","","COUNTY","TEXAS","48","NORTHERN HIGH PLAINS","11","MOORE","341","","","00000000","","AG LAND","AG LAND - ACRES","IRRIGATION STATUS","IRRIGATION STATUS: (ANY ON OPERATION)","140,376","22.9"
"CENSUS","2022","YEAR","","COUNTY","TEXAS","48","NORTHERN HIGH PLAINS","11","OCHILTREE","357","","","00000000","","AG LAND","AG LAND - ACRES","IRRIGATION STATUS","IRRIGATION STATUS: (ANY ON OPERATION)","247,101","22.9"
"CENSUS","2022","YEAR","","COUNTY","TEXAS","48","NORTHERN HIGH PLAINS","11","OLDHAM","359","","","00000000","","AG LAND","AG LAND - ACRES","IRRIGATION STATUS","IRRIGATION STATUS: (ANY ON OPERATION)","110,612","22.9"
"CENSUS","2022","YEAR","","COUNTY","TEXAS","48","NORTHERN HIGH PLAINS","11","PARMER","369","","","00000000","","AG LAND","AG LAND - ACRES","IRRIGATION STATUS","IRRIGATION STATUS: (ANY ON OPERATION)","368,344","22.9"
"CENSUS","2022","YEAR","","COUNTY","TEXAS","48","NORTHERN HIGH PLAINS","11","POTTER","375","","","00000000","","AG LAND","AG LAND - ACRES","IRRIGATION STATUS","IRRIGATION STATUS: (ANY ON OPERATION)","39,424","22.9"
"CENSUS","2022","YEAR","","COUNTY","TEXAS","48","NORTHERN HIGH PLAINS","11","RANDALL","381","","","00000000","","AG LAND","AG LAND - ACRES","IRRIGATION STATUS","IRRIGATION STATUS: (ANY ON OPERATION)","131,599","22.9"
"CENSUS","2022","YEAR","","COUNTY","TEXAS","48","NORTHERN HIGH PLAINS","11","ROBERTS","393","","","00000000","","AG LAND","AG LAND - ACRES","IRRIGATION STATUS","IRRIGATION STATUS: (ANY ON OPERATION)","75,965","22.9"
"CENSUS","2022","YEAR","","COUNTY","TEXAS","48","NORTHERN HIGH PLAINS","11","SHERMAN","421","","","00000000","","AG LAND","AG LAND - ACRES","IRRIGATION STATUS","IRRIGATION STATUS: (ANY ON OPERATION)","365,690","22.9"
"CENSUS","2022","YEAR","","COUNTY","TEXAS","48","NORTHERN HIGH PLAINS","11","SWISHER","437","","","00000000","","AG LAND","AG LAND - ACRES","IRRIGATION STATUS","IRRIGATION STATUS: (ANY ON OPERATION)","277,037","22.9"
"CENSUS","2022","YEAR","","COUNTY","TEXAS","48","NORTHERN LOW PLAINS","21","BORDEN","033","","","00000000","","AG LAND","AG LAND - ACRES","IRRIGATION STATUS","IRRIGATION STATUS: (ANY ON OPERATION)","19,195","22.9"
"CENSUS","2022","YEAR","","COUNTY","TEXAS","48","NORTHERN LOW PLAINS","21","CHILDRESS","075","","","00000000","","AG LAND","AG LAND - ACRES","IRRIGATION STATUS","IRRIGATION STATUS: (ANY ON OPERATION)","93,146","22.9"
"CENSUS","2022","YEAR","","COUNTY","TEXAS","48","NORTHERN LOW PLAINS","21","COLLINGSWORTH","087","","","00000000","","AG LAND","AG LAND - ACRES","IRRIGATION STATUS","IRRIGATION STATUS: (ANY ON OPERATION)","118,223","22.9"
"CENSUS","2022","YEAR","","COUNTY","TEXAS","48","NORTHERN LOW PLAINS","21","COTTLE","101","","","00000000","","AG LAND","AG LAND - ACRES","IRRIGATION STATUS","IRRIGATION STATUS: (ANY ON OPERATION)","100,935","22.9"
"CENSUS","2022","YEAR","","COUNTY","TEXAS","48","NORTHERN LOW PLAINS","21","DICKENS","125","","","00000000","","AG LAND","AG LAND - ACRES","IRRIGATION STATUS","IRRIGATION STATUS: (ANY ON OPERATION)","54,014","22.9"
"CENSUS","2022","YEAR","","COUNTY","TEXAS","48","NORTHERN LOW PLAINS","21","DONLEY","129","","","00000000","","AG LAND","AG LAND - ACRES","IRRIGATION STATUS","IRRIGATION STATUS: (ANY ON OPERATION)","165,204","22.9"
"CENSUS","2022","YEAR","","COUNTY","TEXAS","48","NORTHERN LOW PLAINS","21","FOARD","155","","","00000000","","AG LAND","AG LAND - ACRES","IRRIGATION STATUS","IRRIGATION STATUS: (ANY ON OPERATION)"," (D)","(D)"
"CENSUS","2022","YEAR","","COUNTY","TEXAS","48","NORTHERN LOW PLAINS","21","GARZA","169","","","00000000","","AG LAND","AG LAND - ACRES","IRRIGATION STATUS","IRRIGATION STATUS: (ANY ON OPERATION)","45,136","22.9"
"CENSUS","2022","YEAR","","COUNTY","TEXAS","48","NORTHERN LOW PLAINS","21","HALL","191","","","00000000","","AG LAND","AG LAND - ACRES","IRRIGATION STATUS","IRRIGATION STATUS: (ANY ON OPERATION)","92,670","22.9"
"CENSUS","2022","YEAR","","COUNTY","TEXAS","48","NORTHERN LOW PLAINS","21","HARDEMAN","197","","","00000000","","AG LAND","AG LAND - ACRES","IRRIGATION STATUS","IRRIGATION STATUS: (ANY ON OPERATION)","178,928","(L)"
"CENSUS","2022","YEAR","","COUNTY","TEXAS","48","NORTHERN LOW PLAINS","21","KENT","263","","","00000000","","AG LAND","AG LAND - ACRES","IRRIGATION STATUS","IRRIGATION STATUS: (ANY ON OPERATION)","10,560","22.9"
"CENSUS","2022","YEAR","","COUNTY","TEXAS","48","NORTHERN LOW PLAINS","21","KING","269","","","00000000","","AG LAND","AG LAND - ACRES","IRRIGATION STATUS","IRRIGATION STATUS: (ANY ON OPERATION)","199,082","22.9"
"CENSUS","2022","YEAR","","COUNTY","TEXAS","48","NORTHERN LOW PLAINS","21","MOTLEY","345","","","00000000","","AG LAND","AG LAND - ACRES","IRRIGATION STATUS","IRRIGATION STATUS: (ANY ON OPERATION)","66,563","22.9"
"CENSUS","2022","YEAR","","COUNTY","TEXAS","48","NORTHERN LOW PLAINS","21","WHEELER","483","","","00000000","","AG LAND","AG LAND - ACRES","IRRIGATION STATUS","IRRIGATION STATUS: (ANY ON OPERATION)","192,481","22.9"
"CENSUS","2022","YEAR","","COUNTY","TEXAS","48","NORTHERN LOW PLAINS","21","WICHITA","485","","","00000000","","AG LAND","AG LAND - ACRES","IRRIGATION STATUS","IRRIGATION STATUS: (ANY ON OPERATION)","43,706","22.9"
"CENSUS","2022","YEAR","","COUNTY","TEXAS","48","NORTHERN LOW PLAINS","21","WILBARGER","487","","","00000000","","AG LAND","AG LAND - ACRES","IRRIGATION STATUS","IRRIGATION STATUS: (ANY ON OPERATION)","282,867","22.9"
"CENSUS","2022","YEAR","","COUNTY","TEXAS","48","SOUTH CENTRAL","81","AUSTIN","015","","","00000000","","AG LAND","AG LAND - ACRES","IRRIGATION STATUS","IRRIGATION STATUS: (ANY ON OPERATION)","24,376","22.9"
"CENSUS","2022","YEAR","","COUNTY","TEXAS","48","SOUTH CENTRAL","81","BASTROP","021","","","00000000","","AG LAND","AG LAND - ACRES","IRRIGATION STATUS","IRRIGATION STATUS: (ANY ON OPERATION)","17,615","22.9"
"CENSUS","2022","YEAR","","COUNTY","TEXAS","48","SOUTH CENTRAL","81","BEE","025","","","00000000","","AG LAND","AG LAND - ACRES","IRRIGATION STATUS","IRRIGATION STATUS: (ANY ON OPERATION)","39,306","22.9"
"CENSUS","2022","YEAR","","COUNTY","TEXAS","48","SOUTH CENTRAL","81","BEXAR","029","","","00000000","","AG LAND","AG LAND - ACRES","IRRIGATION STATUS","IRRIGATION STATUS: (ANY ON OPERATION)","47,570","22.9"
"CENSUS","2022","YEAR","","COUNTY","TEXAS","48","SOUTH CENTRAL","81","BURLESON","051","","","00000000","","AG LAND","AG LAND - ACRES","IRRIGATION STATUS","IRRIGATION STATUS: (ANY ON OPERATION)","60,296","22.9"
"CENSUS","2022","YEAR","","COUNTY","TEXAS","48","SOUTH CENTRAL","81","CALDWELL","055","","","00000000","","AG LAND","AG LAND - ACRES","IRRIGATION STATUS","IRRIGATION STATUS: (ANY ON OPERATION)","20,034","22.9"
"CENSUS","2022","YEAR","","COUNTY","TEXAS","48","SOUTH CENTRAL","81","COLORADO","089","","","00000000","","AG LAND","AG LAND - ACRES","IRRIGATION STATUS","IRRIGATION STATUS: (ANY ON OPERATION)","151,993","22.9"
"CENSUS","2022","YEAR","","COUNTY","TEXAS","48","SOUTH CENTRAL","81","COMAL","091","","","00000000","","AG LAND","AG LAND - ACRES","IRRIGATION STATUS","IRRIGATION STATUS: (ANY ON OPERATION)","1,858","22.9"
"CENSUS","2022","YEAR","","COUNTY","TEXAS","48","SOUTH CENTRAL","81","DE WITT","123","","","00000000","","AG LAND","AG LAND - ACRES","IRRIGATION STATUS","IRRIGATION STATUS: (ANY ON OPERATION)","19,211","22.9"
"CENSUS","2022","YEAR","","COUNTY","TEXAS","48","SOUTH CENTRAL","81","FAYETTE","149","","","00000000","","AG LAND","AG LAND - ACRES","IRRIGATION STATUS","IRRIGATION STATUS: (ANY ON OPERATION)","30,248","22.9"
"CENSUS","2022","YEAR","","COUNTY","TEXAS","48","SOUTH CENTRAL","81","GOLIAD","175","","","00000000","","AG LAND","AG LAND - ACRES","IRRIGATION STATUS","IRRIGATION STATUS: (ANY ON OPERATION)","101,338","22.9"
"CENSUS","2022","YEAR","","COUNTY","TEXAS","48","SOUTH CENTRAL","81","GONZALES","177","","","00000000","","AG LAND","AG LAND - ACRES","IRRIGATION STATUS","IRRIGATION STATUS: (ANY ON OPERATION)","50,422","22.9"
"CENSUS","2022","YEAR","","COUNTY","TEXAS","48","SOUTH CENTRAL","81","GUADALUPE","187","","","00000000","","AG LAND","AG LAND - ACRES","IRRIGATION STATUS","IRRIGATION STATUS: (ANY ON OPERATION)","19,210","22.9"
"CENSUS","2022","YEAR","","COUNTY","TEXAS","48","SOUTH CENTRAL","81","HAYS","209","","","00000000","","AG LAND","AG LAND - ACRES","IRRIGATION STATUS","IRRIGATION STATUS: (ANY ON OPERATION)","7,999","22.9"
"CENSUS","2022","YEAR","","COUNTY","TEXAS","48","SOUTH CENTRAL","81","KARNES","255","","","00000000","","AG LAND","AG LAND - ACRES","IRRIGATION STATUS","IRRIGATION STATUS: (ANY ON OPERATION)","39,607","22.9"
"CENSUS","2022","YEAR","","COUNTY","TEXAS","48","SOUTH CENTRAL","81","LAVACA","285","","","00000000","","AG LAND","AG LAND - ACRES","IRRIGATION STATUS","IRRIGATION STATUS: (ANY ON OPERATION)","48,343","22.9"
"CENSUS","2022","YEAR","","COUNTY","TEXAS","48","SOUTH CENTRAL","81","LEE","287","","","00000000","","AG LAND","AG LAND - ACRES","IRRIGATION STATUS","IRRIGATION STATUS: (ANY ON OPERATION)","9,273","22.9"
"CENSUS","2022","YEAR","","COUNTY","TEXAS","48","SOUTH CENTRAL","81","MEDINA","325","","","00000000","","AG LAND","AG LAND - ACRES","IRRIGATION STATUS","IRRIGATION STATUS: (ANY ON OPERATION)","135,160","22.9"
"CENSUS","2022","YEAR","","COUNTY","TEXAS","48","SOUTH CENTRAL","81","TRAVIS","453","","","00000000","","AG LAND","AG LAND - ACRES","IRRIGATION STATUS","IRRIGATION STATUS: (ANY ON OPERATION)","44,140","22.9"
"CENSUS","2022","YEAR","","COUNTY","TEXAS","48","SOUTH CENTRAL","81","WASHINGTON","477","","","00000000","","AG LAND","AG LAND - ACRES","IRRIGATION STATUS","IRRIGATION STATUS: (ANY ON OPERATION)","12,197","22.9"
"CENSUS","2022","YEAR","","COUNTY","TEXAS","48","SOUTH CENTRAL","81","WILSON","493","","","00000000","","AG LAND","AG LAND - ACRES","IRRIGATION STATUS","IRRIGATION STATUS: (ANY ON OPERATION)","78,560","22.9"
"CENSUS","2022","YEAR","","COUNTY","TEXAS","48","SOUTH TEXAS","96","ATASCOSA","013","","","00000000","","AG LAND","AG LAND - ACRES","IRRIGATION STATUS","IRRIGATION STATUS: (ANY ON OPERATION)","251,026","22.9"
"CENSUS","2022","YEAR","","COUNTY","TEXAS","48","SOUTH TEXAS","96","BROOKS","047","","","00000000","","AG LAND","AG LAND - ACRES","IRRIGATION STATUS","IRRIGATION STATUS: (ANY ON OPERATION)","37,296","22.9"
"CENSUS","2022","YEAR","","COUNTY","TEXAS","48","SOUTH TEXAS","96","DIMMIT","127","","","00000000","","AG LAND","AG LAND - ACRES","IRRIGATION STATUS","IRRIGATION STATUS: (ANY ON OPERATION)","129,437","22.9"
"CENSUS","2022","YEAR","","COUNTY","TEXAS","48","SOUTH TEXAS","96","DUVAL","131","","","00000000","","AG LAND","AG LAND - ACRES","IRRIGATION STATUS","IRRIGATION STATUS: (ANY ON OPERATION)","115,896","22.9"
"CENSUS","2022","YEAR","","COUNTY","TEXAS","48","SOUTH TEXAS","96","FRIO","163","","","00000000","","AG LAND","AG LAND - ACRES","IRRIGATION STATUS","IRRIGATION STATUS: (ANY ON OPERATION)","218,295","22.9"
"CENSUS","2022","YEAR","","COUNTY","TEXAS","48","SOUTH TEXAS","96","JIM HOGG","247","","","00000000","","AG LAND","AG LAND - ACRES","IRRIGATION STATUS","IRRIGATION STATUS: (ANY ON OPERATION)","3,361","22.9"
"CENSUS","2022","YEAR","","COUNTY","TEXAS","48","SOUTH TEXAS","96","JIM WELLS","249","","","00000000","","AG LAND","AG LAND - ACRES","IRRIGATION STATUS","IRRIGATION STATUS: (ANY ON OPERATION)","34,297","22.9"
"CENSUS","2022","YEAR","","COUNTY","TEXAS","48","SOUTH TEXAS","96","KENEDY","261","","","00000000","","AG LAND","AG LAND - ACRES","IRRIGATION STATUS","IRRIGATION STATUS: (ANY ON OPERATION)"," (D)","(D)"
"CENSUS","2022","YEAR","","COUNTY","TEXAS","48","SOUTH TEXAS","96","LA SALLE","283","","","00000000","","AG LAND","AG LAND - ACRES","IRRIGATION STATUS","IRRIGATION STATUS: (ANY ON OPERATION)","92,248","22.9"
"CENSUS","2022","YEAR","","COUNTY","TEXAS","48","SOUTH TEXAS","96","LIVE OAK","297","","","00000000","","AG LAND","AG LAND - ACRES","IRRIGATION STATUS","IRRIGATION STATUS: (ANY ON OPERATION)","41,679","22.9"
"CENSUS","2022","YEAR","","COUNTY","TEXAS","48","SOUTH TEXAS","96","MAVERICK","323","","","00000000","","AG LAND","AG LAND - ACRES","IRRIGATION STATUS","IRRIGATION STATUS: (ANY ON OPERATION)","172,467","22.9"
"CENSUS","2022","YEAR","","COUNTY","TEXAS","48","SOUTH TEXAS","96","MCMULLEN","311","","","00000000","","AG LAND","AG LAND - ACRES","IRRIGATION STATUS","IRRIGATION STATUS: (ANY ON OPERATION)","78,027","22.9"
"CENSUS","2022","YEAR","","COUNTY","TEXAS","48","SOUTH TEXAS","96","WEBB","479","","","00000000","","AG LAND","AG LAND - ACRES","IRRIGATION STATUS","IRRIGATION STATUS: (ANY ON OPERATION)","434,211","22.9"
"CENSUS","2022","YEAR","","COUNTY","TEXAS","48","SOUTH TEXAS","96","ZAPATA","505","","","00000000","","AG LAND","AG LAND - ACRES","IRRIGATION STATUS","IRRIGATION STATUS: (ANY ON OPERATION)","4,025","22.9"
"CENSUS","2022","YEAR","","COUNTY","TEXAS","48","SOUTH TEXAS","96","ZAVALA","507","","","00000000","","AG LAND","AG LAND - ACRES","IRRIGATION STATUS","IRRIGATION STATUS: (ANY ON OPERATION)","390,523","22.9"
"CENSUS","2022","YEAR","","COUNTY","TEXAS","48","SOUTHERN HIGH PLAINS","12","ANDREWS","003","","","00000000","","AG LAND","AG LAND - ACRES","IRRIGATION STATUS","IRRIGATION STATUS: (ANY ON OPERATION)","156,497","22.9"
"CENSUS","2022","YEAR","","COUNTY","TEXAS","48","SOUTHERN HIGH PLAINS","12","BAILEY","017","","","00000000","","AG LAND","AG LAND - ACRES","IRRIGATION STATUS","IRRIGATION STATUS: (ANY ON OPERATION)","283,732","22.9"
"CENSUS","2022","YEAR","","COUNTY","TEXAS","48","SOUTHERN HIGH PLAINS","12","COCHRAN","079","","","00000000","","AG LAND","AG LAND - ACRES","IRRIGATION STATUS","IRRIGATION STATUS: (ANY ON OPERATION)","169,376","22.9"
"CENSUS","2022","YEAR","","COUNTY","TEXAS","48","SOUTHERN HIGH PLAINS","12","CROSBY","107","","","00000000","","AG LAND","AG LAND - ACRES","IRRIGATION STATUS","IRRIGATION STATUS: (ANY ON OPERATION)","197,312","22.9"
"CENSUS","2022","YEAR","","COUNTY","TEXAS","48","SOUTHERN HIGH PLAINS","12","DAWSON","115","","","00000000","","AG LAND","AG LAND - ACRES","IRRIGATION STATUS","IRRIGATION STATUS: (ANY ON OPERATION)","172,202","22.9"
"CENSUS","2022","YEAR","","COUNTY","TEXAS","48","SOUTHERN HIGH PLAINS","12","GAINES","165","","","00000000","","AG LAND","AG LAND - ACRES","IRRIGATION STATUS","IRRIGATION STATUS: (ANY ON OPERATION)","524,946","22.9"
"CENSUS","2022","YEAR","","COUNTY","TEXAS","48","SOUTHERN HIGH PLAINS","12","GLASSCOCK","173","","","00000000","","AG LAND","AG LAND - ACRES","IRRIGATION STATUS","IRRIGATION STATUS: (ANY ON OPERATION)","93,908","22.9"
"CENSUS","2022","YEAR","","COUNTY","TEXAS","48","SOUTHERN HIGH PLAINS","12","HOCKLEY","219","","","00000000","","AG LAND","AG LAND - ACRES","IRRIGATION STATUS","IRRIGATION STATUS: (ANY ON OPERATION)","298,946","22.9"
"CENSUS","2022","YEAR","","COUNTY","TEXAS","48","SOUTHERN HIGH PLAINS","12","HOWARD","227","","","00000000","","AG LAND","AG LAND - ACRES","IRRIGATION STATUS","IRRIGATION STATUS: (ANY ON OPERATION)","68,159","22.9"
"CENSUS","2022","YEAR","","COUNTY","TEXAS","48","SOUTHERN HIGH PLAINS","12","LAMB","279","","","00000000","","AG LAND","AG LAND - ACRES","IRRIGATION STATUS","IRRIGATION STATUS: (ANY ON OPERATION)","281,870","22.9"
"CENSUS","2022","YEAR","","COUNTY","TEXAS","48","SOUTHERN HIGH PLAINS","12","LUBBOCK","303","","","00000000","","AG LAND","AG LAND - ACRES","IRRIGATION STATUS","IRRIGATION STATUS: (ANY ON OPERATION)","238,187","22.9"
"CENSUS","2022","YEAR","","COUNTY","TEXAS","48","SOUTHERN HIGH PLAINS","12","LYNN","305","","","00000000","","AG LAND","AG LAND - ACRES","IRRIGATION STATUS","IRRIGATION STATUS: (ANY ON OPERATION)","232,567","22.9"
"CENSUS","2022","YEAR","","COUNTY","TEXAS","48","SOUTHERN HIGH PLAINS","12","MARTIN","317","","","00000000","","AG LAND","AG LAND - ACRES","IRRIGATION STATUS","IRRIGATION STATUS: (ANY ON OPERATION)","163,396","22.9"
"CENSUS","2022","YEAR","","COUNTY","TEXAS","48","SOUTHERN HIGH PLAINS","12","MIDLAND","329","","","00000000","","AG LAND","AG LAND - ACRES","IRRIGATION STATUS","IRRIGATION STATUS: (ANY ON OPERATION)","176,838","22.9"
"CENSUS","2022","YEAR","","COUNTY","TEXAS","48","SOUTHERN HIGH PLAINS","12","TERRY","445","","","00000000","","AG LAND","AG LAND - ACRES","IRRIGATION STATUS","IRRIGATION STATUS: (ANY ON OPERATION)","371,162","22.9"
"CENSUS","2022","YEAR","","COUNTY","TEXAS","48","SOUTHERN HIGH PLAINS","12","YOAKUM","501","","","00000000","","AG LAND","AG LAND - ACRES","IRRIGATION STATUS","IRRIGATION STATUS: (ANY ON OPERATION)","165,920","22.9"
"CENSUS","2022","YEAR","","COUNTY","TEXAS","48","SOUTHERN LOW PLAINS","22","BAYLOR","023","","","00000000","","AG LAND","AG LAND - ACRES","IRRIGATION STATUS","IRRIGATION STATUS: (ANY ON OPERATION)","77,058","22.9"
"CENSUS","2022","YEAR","","COUNTY","TEXAS","48","SOUTHERN LOW PLAINS","22","COLEMAN","083","","","00000000","","AG LAND","AG LAND - ACRES","IRRIGATION STATUS","IRRIGATION STATUS: (ANY ON OPERATION)","22,614","22.9"
"CENSUS","2022","YEAR","","COUNTY","TEXAS","48","SOUTHERN LOW PLAINS","22","FISHER","151","","","00000000","","AG LAND","AG LAND - ACRES","IRRIGATION STATUS","IRRIGATION STATUS: (ANY ON OPERATION)","61,448","22.9"
"CENSUS","2022","YEAR","","COUNTY","TEXAS","48","SOUTHERN LOW PLAINS","22","HASKELL","207","","","00000000","","AG LAND","AG LAND - ACRES","IRRIGATION STATUS","IRRIGATION STATUS: (ANY ON OPERATION)","162,562","22.9"
"CENSUS","2022","YEAR","","COUNTY","TEXAS","48","SOUTHERN LOW PLAINS","22","JONES","253","","","00000000","","AG LAND","AG LAND - ACRES","IRRIGATION STATUS","IRRIGATION STATUS: (ANY ON OPERATION)","61,164","22.9"
"CENSUS","2022","YEAR","","COUNTY","TEXAS","48","SOUTHERN LOW PLAINS","22","KNOX","275","","","00000000","","AG LAND","AG LAND - ACRES","IRRIGATION STATUS","IRRIGATION STATUS: (ANY ON OPERATION)","165,730","22.9"
"CENSUS","2022","YEAR","","COUNTY","TEXAS","48","SOUTHERN LOW PLAINS","22","MITCHELL","335","","","00000000","","AG LAND","AG LAND - ACRES","IRRIGATION STATUS","IRRIGATION STATUS: (ANY ON OPERATION)","35,898","22.9"
"CENSUS","2022","YEAR","","COUNTY","TEXAS","48","SOUTHERN LOW PLAINS","22","NOLAN","353","","","00000000","","AG LAND","AG LAND - ACRES","IRRIGATION STATUS","IRRIGATION STATUS: (ANY ON OPERATION)","41,165","22.9"
"CENSUS","2022","YEAR","","COUNTY","TEXAS","48","SOUTHERN LOW PLAINS","22","RUNNELS","399","","","00000000","","AG LAND","AG LAND - ACRES","IRRIGATION STATUS","IRRIGATION STATUS: (ANY ON OPERATION)","91,981","22.9"
"CENSUS","2022","YEAR","","COUNTY","TEXAS","48","SOUTHERN LOW PLAINS","22","SCURRY","415","","","00000000","","AG LAND","AG LAND - ACRES","IRRIGATION STATUS","IRRIGATION STATUS: (ANY ON OPERATION)","70,625","22.9"
"CENSUS","2022","YEAR","","COUNTY","TEXAS","48","SOUTHERN LOW PLAINS","22","STONEWALL","433","","","00000000","","AG LAND","AG LAND - ACRES","IRRIGATION STATUS","IRRIGATION STATUS: (ANY ON OPERATION)","20,061","22.9"
"CENSUS","2022","YEAR","","COUNTY","TEXAS","48","SOUTHERN LOW PLAINS","22","TAYLOR","441","","","00000000","","AG LAND","AG LAND - ACRES","IRRIGATION STATUS","IRRIGATION STATUS: (ANY ON OPERATION)","6,790","22.9"
"CENSUS","2022","YEAR","","COUNTY","TEXAS","48","TRANS-PECOS","60","BREWSTER","043","","","00000000","","AG LAND","AG LAND - ACRES","IRRIGATION STATUS","IRRIGATION STATUS: (ANY ON OPERATION)","124,645","22.9"
"CENSUS","2022","YEAR","","COUNTY","TEXAS","48","TRANS-PECOS","60","CRANE","103","","","00000000","","AG LAND","AG LAND - ACRES","IRRIGATION STATUS","IRRIGATION STATUS: (ANY ON OPERATION)"," (D)","(D)"
"CENSUS","2022","YEAR","","COUNTY","TEXAS","48","TRANS-PECOS","60","CULBERSON","109","","","00000000","","AG LAND","AG LAND - ACRES","IRRIGATION STATUS","IRRIGATION STATUS: (ANY ON OPERATION)","679,352","22.9"
"CENSUS","2022","YEAR","","COUNTY","TEXAS","48","TRANS-PECOS","60","ECTOR","135","","","00000000","","AG LAND","AG LAND - ACRES","IRRIGATION STATUS","IRRIGATION STATUS: (ANY ON OPERATION)"," (D)","(D)"
"CENSUS","2022","YEAR","","COUNTY","TEXAS","48","TRANS-PECOS","60","EL PASO","141","","","00000000","","AG LAND","AG LAND - ACRES","IRRIGATION STATUS","IRRIGATION STATUS: (ANY ON OPERATION)","49,952","22.9"
"CENSUS","2022","YEAR","","COUNTY","TEXAS","48","TRANS-PECOS","60","HUDSPETH","229","","","00000000","","AG LAND","AG LAND - ACRES","IRRIGATION STATUS","IRRIGATION STATUS: (ANY ON OPERATION)","94,041","22.9"
"CENSUS","2022","YEAR","","COUNTY","TEXAS","48","TRANS-PECOS","60","JEFF DAVIS","243","","","00000000","","AG LAND","AG LAND - ACRES","IRRIGATION STATUS","IRRIGATION STATUS: (ANY ON OPERATION)","17,817","22.9"
"CENSUS","2022","YEAR","","COUNTY","TEXAS","48","TRANS-PECOS","60","PECOS","371","","","00000000","","AG LAND","AG LAND - ACRES","IRRIGATION STATUS","IRRIGATION STATUS: (ANY ON OPERATION)","125,135","22.9"
"CENSUS","2022","YEAR","","COUNTY","TEXAS","48","TRANS-PECOS","60","PRESIDIO","377","","","00000000","","AG LAND","AG LAND - ACRES","IRRIGATION STATUS","IRRIGATION STATUS: (ANY ON OPERATION)"," (D)","(D)"
"CENSUS","2022","YEAR","","COUNTY","TEXAS","48","TRANS-PECOS","60","REEVES","389","","","00000000","","AG LAND","AG LAND - ACRES","IRRIGATION STATUS","IRRIGATION STATUS: (ANY ON OPERATION)","164,070","22.9"
"CENSUS","2022","YEAR","","COUNTY","TEXAS","48","TRANS-PECOS","60","TERRELL","443","","","00000000","","AG LAND","AG LAND - ACRES","IRRIGATION STATUS","IRRIGATION STATUS: (ANY ON OPERATION)","21,900","22.9"
"CENSUS","2022","YEAR","","COUNTY","TEXAS","48","TRANS-PECOS","60","WARD","475","","","00000000","","AG LAND","AG LAND - ACRES","IRRIGATION STATUS","IRRIGATION STATUS: (ANY ON OPERATION)","3,645","22.9"
"CENSUS","2022","YEAR","","COUNTY","TEXAS","48","TRANS-PECOS","60","WINKLER","495","","","00000000","","AG LAND","AG LAND - ACRES","IRRIGATION STATUS","IRRIGATION STATUS: (ANY ON OPERATION)"," (D)","(D)"
"CENSUS","2022","YEAR","","COUNTY","TEXAS","48","UPPER COAST","90","BRAZORIA","039","","","00000000","","AG LAND","AG LAND - ACRES","IRRIGATION STATUS","IRRIGATION STATUS: (ANY ON OPERATION)","85,856","22.9"
"CENSUS","2022","YEAR","","COUNTY","TEXAS","48","UPPER COAST","90","CALHOUN","057","","","00000000","","AG LAND","AG LAND - ACRES","IRRIGATION STATUS","IRRIGATION STATUS: (ANY ON OPERATION)"," (D)","(D)"
"CENSUS","2022","YEAR","","COUNTY","TEXAS","48","UPPER COAST","90","CHAMBERS","071","","","00000000","","AG LAND","AG LAND - ACRES","IRRIGATION STATUS","IRRIGATION STATUS: (ANY ON OPERATION)","125,236","22.9"
"CENSUS","2022","YEAR","","COUNTY","TEXAS","48","UPPER COAST","90","FORT BEND","157","","","00000000","","AG LAND","AG LAND - ACRES","IRRIGATION STATUS","IRRIGATION STATUS: (ANY ON OPERATION)","29,611","22.9"
"CENSUS","2022","YEAR","","COUNTY","TEXAS","48","UPPER COAST","90","GALVESTON","167","","","00000000","","AG LAND","AG LAND - ACRES","IRRIGATION STATUS","IRRIGATION STATUS: (ANY ON OPERATION)","2,567","22.9"
"CENSUS","2022","YEAR","","COUNTY","TEXAS","48","UPPER COAST","90","HARRIS","201","","","00000000","","AG LAND","AG LAND - ACRES","IRRIGATION STATUS","IRRIGATION STATUS: (ANY ON OPERATION)","77,154","22.9"
"CENSUS","2022","YEAR","","COUNTY","TEXAS","48","UPPER COAST","90","JACKSON","239","","","00000000","","AG LAND","AG LAND - ACRES","IRRIGATION STATUS","IRRIGATION STATUS: (ANY ON OPERATION)","40,387","22.9"
"CENSUS","2022","YEAR","","COUNTY","TEXAS","48","UPPER COAST","90","JEFFERSON","245","","","00000000","","AG LAND","AG LAND - ACRES","IRRIGATION STATUS","IRRIGATION STATUS: (ANY ON OPERATION)","94,054","22.9"
"CENSUS","2022","YEAR","","COUNTY","TEXAS","48","UPPER COAST","90","LIBERTY","291","","","00000000","","AG LAND","AG LAND - ACRES","IRRIGATION STATUS","IRRIGATION STATUS: (ANY ON OPERATION)","35,723","22.9"
"CENSUS","2022","YEAR","","COUNTY","TEXAS","48","UPPER COAST","90","MATAGORDA","321","","","00000000","","AG LAND","AG LAND - ACRES","IRRIGATION STATUS","IRRIGATION STATUS: (ANY ON OPERATION)","209,150","22.9"
"CENSUS","2022","YEAR","","COUNTY","TEXAS","48","UPPER COAST","90","ORANGE","361","","","00000000","","AG LAND","AG LAND - ACRES","IRRIGATION STATUS","IRRIGATION STATUS: (ANY ON OPERATION)","2,364","22.9"
"CENSUS","2022","YEAR","","COUNTY","TEXAS","48","UPPER COAST","90","VICTORIA","469","","","00000000","","AG LAND","AG LAND - ACRES","IRRIGATION STATUS","IRRIGATION STATUS: (ANY ON OPERATION)","169,962","22.9"
"CENSUS","2022","YEAR","","COUNTY","TEXAS","48","UPPER COAST","90","WHARTON","481","","","00000000","","AG LAND","AG LAND - ACRES","IRRIGATION STATUS","IRRIGATION STATUS: (ANY ON OPERATION)","300,857","22.9"
